{
  "project_info": {
    "project_number": "991944355317",
    "firebase_url": "https://taller02ae.firebaseio.com",
    "project_id": "taller02ae",
    "storage_bucket": "taller02ae.appspot.com"
  },
  "client": [
    {
      "client_info": {
        "mobilesdk_app_id": "1:991944355317:android:2da77f7452f9b1666b84bc",
        "android_client_info": {
          "package_name": "com.example.taller02a"
        }
      },
      "oauth_client": [
        {
          "client_id": "991944355317-ourfa00mlr0v06a2dt800tt9855mvlbl.apps.googleusercontent.com",
          "client_type": 1,
          "android_info": {
            "package_name": "com.example.taller02a",
            "certificate_hash": "d54b4a04c2a774a5e4d480a4bd0bb6c8b833028b"
          }
        },
        {
          "client_id": "991944355317-641htsq4no26au0lvs98nmvf8lb2htdc.apps.googleusercontent.com",
          "client_type": 3
        }
      ],
      "api_key": [
        {
          "current_key": "AIzaSyAIKwYF4wE6mtUvn1uAwvot_NXx5lp4GU8"
        }
      ],
      "services": {
        "appinvite_service": {
          "other_platform_oauth_client": [
            {
              "client_id": "991944355317-641htsq4no26au0lvs98nmvf8lb2htdc.apps.googleusercontent.com",
              "client_type": 3
            }
          ]
        }
      }
    }
  ],
  "configuration_version": "1"
}